id,gold,pred,raw_confidence,calibrated_confidence,correct
S01,sad,sad,0.771,1.0,True
S02,happy,happy,0.841,1.0,True
S03,fearful,fearful,0.72,1.0,True
S04,neutral,neutral,0.713,1.0,True
S05,angry,angry,0.719,1.0,True
S06,sad,sad,0.486,1.0,True
S07,neutral,neutral,0.394,0.9672,True
S08,fearful,fearful,0.425,0.9975,True
S09,happy,happy,0.73,1.0,True
S10,neutral,neutral,0.437,0.9999,True
S11,sad,sad,0.763,1.0,True
S12,happy,happy,0.781,1.0,True
S13,neutral,neutral,0.691,1.0,True
S14,fearful,fearful,0.696,1.0,True
S15,angry,angry,0.707,1.0,True
S16,neutral,neutral,0.365,0.9101,True
S17,sad,sad,0.585,1.0,True
S18,happy,happy,0.62,1.0,True
S19,neutral,neutral,0.519,1.0,True
S20,sad,sad,0.603,1.0,True
S21,neutral,neutral,0.555,1.0,True
S22,disgusted,disgusted,0.662,1.0,True
S23,surprised,surprised,0.676,1.0,True
S24,neutral,neutral,0.615,1.0,True
S25,sad,sad,0.656,1.0,True
S26,happy,happy,0.791,1.0,True
S27,fearful,fearful,0.62,1.0,True
S28,neutral,neutral,0.717,1.0,True
S29,sad,sad,0.428,0.9992,True
S30,angry,angry,0.456,1.0,True
S31,fearful,fearful,0.326,0.9621,True
S32,neutral,neutral,0.294,0.8085,True
S33,sad,sad,0.53,1.0,True
S34,fearful,fearful,0.361,0.9259,True
S35,neutral,neutral,0.456,1.0,True
S36,sad,sad,0.335,0.991,True
S37,fearful,fearful,0.251,0.8274,True
S38,fearful,fearful,0.299,0.7174,True
S39,fearful,angry,0.328,0.8499,False
S40,sad,sad,0.266,0.5887,True
