id,gold,note,text_only,voice_only,facial_only,fixed_weight,dynamic_weight
S01,sad,三模态一致的低落,sad,sad,sad,sad,sad
S02,happy,三模态一致的正向,happy,happy,happy,happy,happy
S03,fearful,三模态一致的紧张,fearful,fearful,fearful,fearful,fearful
S04,neutral,三模态一致的平静,neutral,neutral,neutral,neutral,neutral
S05,angry,三模态一致的愤怒,angry,angry,angry,angry,angry
S06,sad,言语否认难受但副语言一致指向低落（多模态应优于纯文本）,neutral,sad,sad,sad,sad
S07,neutral,转述悲伤事件但情绪平稳（纯文本易误判）,sad,neutral,neutral,neutral,neutral
S08,fearful,口头平静但语调与表情一致紧张,neutral,fearful,fearful,fearful,fearful
S09,happy,言语积极、语调与表情一致,happy,happy,happy,happy,happy
S10,neutral,内容消极但表达平稳,sad,neutral,neutral,neutral,neutral
S11,sad,摄像头未开启，文本与语调一致,sad,sad,happy,sad,sad
S12,happy,摄像头未开启，文本与语调一致,happy,happy,happy,happy,happy
S13,neutral,摄像头未开启，内容与语调平稳,neutral,neutral,happy,neutral,neutral
S14,fearful,摄像头未开启，语调明显紧张,fearful,fearful,happy,fearful,fearful
S15,angry,摄像头未开启，语调愤怒,angry,angry,happy,angry,angry
S16,neutral,摄像头未开启，文本偏负但语调平稳,sad,neutral,happy,neutral,neutral
S17,sad,语调置信度低，文本与表情一致,sad,fearful,sad,sad,sad
S18,happy,语调置信度低，文本与表情一致,happy,neutral,happy,happy,happy
S19,neutral,语调置信度低，文本中性,neutral,angry,neutral,neutral,neutral
S20,sad,语音转写很短，面部与语调一致,neutral,sad,sad,sad,sad
S21,neutral,语音转写很短，其他模态平稳,happy,neutral,neutral,neutral,neutral
S22,disgusted,三模态一致的厌恶,disgusted,disgusted,disgusted,disgusted,disgusted
S23,surprised,三模态一致的惊讶,surprised,surprised,surprised,surprised,surprised
S24,neutral,面部稳定性差（帧数少）时不应被视觉主导,neutral,neutral,angry,neutral,neutral
S25,sad,文本与语调一致低落，面部帧数少,sad,sad,neutral,sad,sad
S26,happy,正向表达，三模态一致,happy,happy,happy,happy,happy
S27,fearful,文本与语调紧张，面部中性,fearful,fearful,neutral,fearful,fearful
S28,neutral,三模态一致平静,neutral,neutral,neutral,neutral,neutral
S29,sad,文本中性但语调与面部一致低落,neutral,sad,sad,sad,sad
S30,angry,文本与面部愤怒，语调中立,angry,neutral,angry,angry,angry
S31,fearful,文本与语调接近，SenseVoice 与 emotion2vec 一致时语调权重上调,sad,fearful,fearful,fearful,fearful
S32,neutral,置信度接近的三方分歧，检验权重再分配方向,sad,neutral,neutral,neutral,neutral
S33,sad,文本与语调接近且一致低落,sad,sad,neutral,sad,sad
S34,fearful,语调与表情一致紧张，文本偏中性,neutral,fearful,fearful,fearful,fearful
S35,neutral,语调置信度低且与文本冲突,neutral,angry,happy,neutral,neutral
S36,sad,摄像头未开启、置信度接近的文本-语调冲突,sad,fearful,happy,sad,sad
S37,fearful,言语偏难过、语调与语音情绪一致紧张，人工标注为恐惧（动态权重应受益于一致性加权）,sad,fearful,neutral,sad,fearful
S38,fearful,摄像头未开启、语调和语音情绪一致紧张,sad,fearful,happy,sad,fearful
S39,fearful,言语表达愤怒但语调与表情一致畏缩，人工标注为恐惧；动态权重在该场景弱于固定权重，作为已知偏差保留,angry,fearful,fearful,fearful,angry
S40,sad,言语表达愤怒但语调低落，语音情绪与语调一致,angry,sad,neutral,angry,sad
