text,voice,facial,accuracy,macro_f1,ece
0.35,0.4,0.25,1.0,1.0,0.4568
0.4,0.45,0.15,1.0,1.0,0.4594
0.25,0.5,0.25,0.975,0.985,0.419
0.3,0.5,0.2,0.975,0.985,0.4236
0.3,0.45,0.25,0.975,0.985,0.4254
0.35,0.55,0.1,0.975,0.985,0.4264
0.35,0.5,0.15,0.975,0.985,0.4282
0.35,0.45,0.2,0.975,0.985,0.43
0.4,0.55,0.05,0.975,0.985,0.431
0.4,0.5,0.1,0.975,0.985,0.4327
0.25,0.45,0.3,0.95,0.9704,0.3955
0.2,0.5,0.3,0.95,0.9578,0.3887
0.2,0.35,0.45,0.925,0.9563,0.3627
0.2,0.4,0.4,0.925,0.9563,0.3636
0.25,0.3,0.45,0.925,0.9563,0.3685
0.25,0.35,0.4,0.925,0.9563,0.3692
0.25,0.4,0.35,0.925,0.9563,0.3995
0.3,0.4,0.3,0.925,0.9563,0.4027
0.3,0.35,0.35,0.925,0.9563,0.42
0.45,0.55,0.0,0.95,0.9562,0.41
0.3,0.25,0.45,0.925,0.956,0.3716
0.35,0.25,0.4,0.925,0.956,0.3762
0.3,0.3,0.4,0.925,0.956,0.3887
0.35,0.3,0.35,0.925,0.956,0.4082
0.35,0.35,0.3,0.925,0.956,0.422
0.3,0.65,0.05,0.95,0.9502,0.3907
0.25,0.55,0.2,0.95,0.9502,0.392
0.3,0.6,0.1,0.95,0.9502,0.3937
0.35,0.65,0.0,0.95,0.9502,0.3954
0.3,0.55,0.15,0.95,0.9502,0.3967
0.35,0.6,0.05,0.95,0.9502,0.3984
0.4,0.6,0.0,0.95,0.9502,0.403
0.45,0.5,0.05,0.95,0.9484,0.4116
0.15,0.5,0.35,0.925,0.9432,0.3866
0.45,0.1,0.45,0.9,0.9431,0.3458
0.4,0.15,0.45,0.9,0.9431,0.3463
0.35,0.2,0.45,0.9,0.9431,0.3471
0.45,0.15,0.4,0.9,0.9431,0.3507
0.4,0.2,0.4,0.9,0.9431,0.351
0.4,0.25,0.35,0.9,0.9431,0.3846
0.25,0.25,0.5,0.9,0.9424,0.3564
0.15,0.3,0.55,0.9,0.9418,0.3284
0.2,0.3,0.5,0.9,0.9418,0.3365
0.45,0.35,0.2,0.925,0.9413,0.3996
0.4,0.35,0.25,0.925,0.9413,0.4104
0.4,0.4,0.2,0.925,0.9413,0.4258
0.4,0.3,0.3,0.925,0.9412,0.4103
0.4,0.1,0.5,0.875,0.9298,0.316
0.35,0.15,0.5,0.875,0.9298,0.317
0.3,0.2,0.5,0.875,0.9298,0.3182
0.45,0.05,0.5,0.875,0.9298,0.3187
0.05,0.5,0.45,0.9,0.9292,0.316
0.1,0.45,0.45,0.9,0.9292,0.3236
0.1,0.5,0.4,0.9,0.9292,0.3245
0.15,0.4,0.45,0.9,0.9292,0.3452
0.15,0.45,0.4,0.9,0.9292,0.3461
0.2,0.45,0.35,0.9,0.9292,0.3825
0.45,0.3,0.25,0.9,0.929,0.3734
0.45,0.2,0.35,0.9,0.9283,0.3697
0.45,0.25,0.3,0.9,0.9283,0.3714
0.2,0.25,0.55,0.875,0.9276,0.3097
0.25,0.2,0.55,0.875,0.9269,0.3127
0.0,0.7,0.3,0.925,0.9244,0.3266
0.0,0.65,0.35,0.925,0.9244,0.3292
0.05,0.7,0.25,0.925,0.9244,0.3333
0.05,0.65,0.3,0.925,0.9244,0.3361
0.1,0.75,0.15,0.925,0.9244,0.3367
0.05,0.6,0.35,0.925,0.9244,0.3389
0.1,0.7,0.2,0.925,0.9244,0.3395
0.15,0.75,0.1,0.925,0.9244,0.3426
0.1,0.65,0.25,0.925,0.9244,0.3426
0.1,0.6,0.3,0.925,0.9244,0.3456
0.15,0.7,0.15,0.925,0.9244,0.3457
0.2,0.75,0.05,0.925,0.9244,0.3484
0.1,0.55,0.35,0.925,0.9244,0.3487
0.15,0.65,0.2,0.925,0.9244,0.3488
0.2,0.7,0.1,0.925,0.9244,0.3515
0.15,0.6,0.25,0.925,0.9244,0.3519
0.25,0.75,0.0,0.925,0.9244,0.3539
0.25,0.7,0.05,0.925,0.9244,0.3571
0.3,0.7,0.0,0.925,0.9244,0.3625
0.2,0.65,0.15,0.925,0.9244,0.3692
0.15,0.55,0.3,0.925,0.9244,0.3699
0.2,0.6,0.2,0.925,0.9244,0.3721
0.25,0.65,0.1,0.925,0.9244,0.3742
0.2,0.55,0.25,0.925,0.9244,0.3753
0.25,0.6,0.15,0.925,0.9244,0.3773
0.45,0.4,0.15,0.9,0.9153,0.3751
0.45,0.45,0.1,0.9,0.9153,0.3903
0.0,0.45,0.55,0.875,0.9147,0.2784
0.0,0.5,0.5,0.875,0.9147,0.2813
0.05,0.4,0.55,0.875,0.9147,0.287
0.05,0.45,0.5,0.875,0.9147,0.2893
0.1,0.4,0.5,0.875,0.9147,0.3065
0.1,0.35,0.55,0.875,0.9147,0.3101
0.15,0.35,0.5,0.875,0.9147,0.3189
0.4,0.05,0.55,0.85,0.9143,0.2834
0.35,0.1,0.55,0.85,0.9143,0.2851
0.3,0.15,0.55,0.85,0.9143,0.2869
0.45,0.0,0.55,0.85,0.9143,0.3112
0.0,0.6,0.4,0.9,0.9104,0.3067
0.05,0.55,0.4,0.9,0.9104,0.3162
0.0,0.75,0.25,0.9,0.9092,0.2987
0.05,0.75,0.2,0.9,0.9092,0.3054
0.15,0.25,0.6,0.85,0.9006,0.2741
0.2,0.2,0.6,0.85,0.8999,0.2946
0.0,0.55,0.45,0.875,0.8968,0.2821
0.5,0.05,0.45,0.85,0.8946,0.2981
0.35,0.05,0.6,0.825,0.8867,0.2503
0.3,0.1,0.6,0.825,0.8867,0.2659
0.35,0.0,0.65,0.825,0.8867,0.2677
0.4,0.0,0.6,0.825,0.8867,0.2776
0.25,0.15,0.6,0.825,0.8867,0.2827
0.05,0.05,0.9,0.825,0.8863,0.2283
0.2,0.15,0.65,0.825,0.8863,0.2474
0.15,0.15,0.7,0.825,0.8863,0.2524
0.1,0.1,0.8,0.825,0.8863,0.2743
0.05,0.1,0.85,0.825,0.8857,0.2252
0.1,0.15,0.75,0.825,0.8857,0.2255
0.1,0.2,0.7,0.825,0.8857,0.2342
0.15,0.2,0.65,0.825,0.8857,0.2441
0.5,0.2,0.3,0.85,0.8845,0.3057
0.5,0.25,0.25,0.85,0.8845,0.308
0.5,0.1,0.4,0.85,0.8844,0.2988
0.5,0.15,0.35,0.85,0.8844,0.3027
0.5,0.0,0.5,0.825,0.8816,0.2921
0.0,0.4,0.6,0.825,0.8782,0.2443
0.05,0.35,0.6,0.825,0.8782,0.2517
0.1,0.3,0.6,0.825,0.8782,0.2556
0.15,0.0,0.85,0.8,0.8734,0.1687
0.05,0.0,0.95,0.8,0.8734,0.1922
0.1,0.05,0.85,0.8,0.8734,0.1938
0.1,0.0,0.9,0.8,0.8734,0.1956
0.2,0.0,0.8,0.8,0.8734,0.1995
0.3,0.0,0.7,0.8,0.8734,0.209
0.25,0.0,0.75,0.8,0.8734,0.2094
0.2,0.05,0.75,0.8,0.8734,0.2157
0.3,0.05,0.65,0.8,0.8734,0.2209
0.15,0.1,0.75,0.8,0.8734,0.2238
0.25,0.05,0.7,0.8,0.8734,0.2239
0.15,0.05,0.8,0.8,0.8734,0.228
0.2,0.1,0.7,0.8,0.8734,0.2349
0.25,0.1,0.65,0.8,0.8734,0.2737
0.0,1.0,0.0,0.85,0.8668,0.2855
0.0,0.95,0.05,0.85,0.8668,0.2894
0.0,0.9,0.1,0.85,0.8668,0.2932
0.05,0.95,0.0,0.85,0.8668,0.2948
0.0,0.85,0.15,0.85,0.8668,0.2971
0.05,0.9,0.05,0.85,0.8668,0.2986
0.0,0.8,0.2,0.85,0.8668,0.3009
0.05,0.85,0.1,0.85,0.8668,0.3027
0.1,0.9,0.0,0.85,0.8668,0.3041
0.05,0.8,0.15,0.85,0.8668,0.3065
0.2,0.8,0.0,0.85,0.8668,0.3078
0.1,0.85,0.05,0.85,0.8668,0.3082
0.1,0.8,0.1,0.85,0.8668,0.3122
0.15,0.85,0.0,0.85,0.8668,0.3135
0.15,0.8,0.05,0.85,0.8668,0.3175
0.5,0.3,0.2,0.825,0.8653,0.2847
0.5,0.35,0.15,0.825,0.8653,0.2863
0.5,0.4,0.1,0.825,0.8653,0.3154
0.5,0.45,0.05,0.825,0.8653,0.3158
0.5,0.5,0.0,0.825,0.8653,0.3307
0.0,0.05,0.95,0.8,0.8634,0.2155
0.0,0.1,0.9,0.8,0.8634,0.2214
0.05,0.15,0.8,0.8,0.8634,0.2297
0.05,0.25,0.7,0.8,0.8634,0.2348
0.1,0.25,0.65,0.8,0.8634,0.2482
0.0,0.15,0.85,0.8,0.8634,0.2511
0.0,0.3,0.7,0.8,0.8634,0.2573
0.05,0.2,0.75,0.8,0.8634,0.2578
0.05,0.3,0.65,0.8,0.8634,0.2586
0.0,0.35,0.65,0.8,0.8634,0.2784
0.0,0.2,0.8,0.8,0.8634,0.2801
0.0,0.25,0.75,0.8,0.8634,0.2819
0.55,0.4,0.05,0.775,0.8408,0.2332
0.55,0.45,0.0,0.775,0.8408,0.2334
0.55,0.3,0.15,0.75,0.8278,0.2059
0.55,0.35,0.1,0.75,0.8278,0.2072
0.55,0.15,0.3,0.75,0.8277,0.1994
0.55,0.2,0.25,0.75,0.8277,0.2019
0.55,0.25,0.2,0.75,0.8277,0.204
0.55,0.1,0.35,0.725,0.8063,0.2005
0.55,0.05,0.4,0.7,0.7933,0.1919
0.55,0.0,0.45,0.7,0.7933,0.2164
0.65,0.0,0.35,0.675,0.7814,0.1705
0.6,0.05,0.35,0.675,0.7814,0.1901
0.6,0.4,0.0,0.675,0.7814,0.2069
0.6,0.35,0.05,0.675,0.7814,0.2071
0.65,0.35,0.0,0.675,0.7814,0.2169
0.6,0.2,0.2,0.675,0.7814,0.2194
0.6,0.3,0.1,0.675,0.7814,0.2415
0.6,0.25,0.15,0.675,0.7814,0.2429
0.6,0.1,0.3,0.675,0.7814,0.2432
0.6,0.15,0.25,0.675,0.7814,0.2437
0.65,0.3,0.05,0.675,0.7814,0.244
0.65,0.05,0.3,0.675,0.7814,0.2448
0.65,0.25,0.1,0.675,0.7814,0.2455
0.65,0.1,0.25,0.675,0.7814,0.2464
0.65,0.15,0.2,0.675,0.7814,0.247
0.65,0.2,0.15,0.675,0.7814,0.2717
0.6,0.0,0.4,0.675,0.7811,0.1814
1.0,0.0,0.0,0.625,0.7466,0.2353
0.95,0.0,0.05,0.625,0.7466,0.2356
0.75,0.0,0.25,0.625,0.7466,0.2511
0.95,0.05,0.0,0.625,0.7466,0.2557
0.8,0.0,0.2,0.625,0.7466,0.2693
0.8,0.15,0.05,0.625,0.7466,0.2703
0.7,0.0,0.3,0.625,0.7466,0.271
0.8,0.05,0.15,0.625,0.7466,0.2718
0.75,0.25,0.0,0.625,0.7466,0.2786
0.75,0.05,0.2,0.625,0.7466,0.2795
0.8,0.2,0.0,0.625,0.7466,0.2884
0.8,0.1,0.1,0.625,0.7466,0.2911
0.85,0.15,0.0,0.625,0.7466,0.2959
0.85,0.1,0.05,0.625,0.7466,0.2969
0.85,0.0,0.15,0.625,0.7466,0.2969
0.7,0.3,0.0,0.625,0.7466,0.2976
0.7,0.25,0.05,0.625,0.7466,0.299
0.7,0.05,0.25,0.625,0.7466,0.2995
0.7,0.1,0.2,0.625,0.7466,0.3011
0.75,0.2,0.05,0.625,0.7466,0.3041
0.75,0.15,0.1,0.625,0.7466,0.3047
0.75,0.1,0.15,0.625,0.7466,0.3054
0.85,0.05,0.1,0.625,0.7466,0.3176
0.9,0.1,0.0,0.625,0.7466,0.3224
0.9,0.0,0.1,0.625,0.7466,0.3227
0.9,0.05,0.05,0.625,0.7466,0.3232
0.7,0.2,0.1,0.625,0.7466,0.3249
0.7,0.15,0.15,0.625,0.7466,0.3257
0.0,0.0,1.0,0.65,0.7446,0.1576
